Address,Zip code
"Highland Avenue, Los Angeles, CA 90028, United States of America",90028
"2101 Barrywood Avenue, Los Angeles, CA 90731, United States of America",90731
"398 West 13th Street, Los Angeles, CA 90731, United States of America",90731
"3481 Barham Boulevard, Los Angeles, CA 90068, United States of America",90068
"1855 Highland Avenue, Los Angeles, CA 90028, United States of America",90028
"Chevron, Beverly Boulevard, Los Angeles, CA 90036-2829, United States of America",90036
"Hobart Boulevard, Los Angeles, CA 90029-3737, United States of America",90029
"Vine & Willoughby, Vine Street, Los Angeles, CA 90038, United States of America",90038
"5400 Apple Street, Los Angeles, CA 90016, United States of America",90016
"1400 North McCadden Place, Los Angeles, CA 90028, United States of America",90028
"Crispy Crust, Fountain Avenue, Los Angeles, CA 90028-8127, United States of America",90028
"398 West 13th Street, Los Angeles, CA 90731, United States of America",90731
"1862 Highland Avenue, Los Angeles, CA 90028, United States of America",90028
"Mike Asatrayan DDS, West Sunset Boulevard, Los Angeles, CA 90029-2631, United States of America",90029
"Mike Asatrayan DDS, West Sunset Boulevard, Los Angeles, CA 90029-2631, United States of America",90029
"Fountain Avenue, Los Angeles, CA 90028-8127, United States of America",90028
"Days Inn Hollywood/Universal Studios, 7023 West Sunset Boulevard, Los Angeles, CA 90046-4101, United States of America",90046
"La Cienega Boulevard, Los Angeles, CA 90064, United States of America",90064
"Cahuenga Boulevard West, Los Angeles, CA 90068, United States of America",90068
"4900 San Vicente Boulevard, Los Angeles, CA 90019, United States of America",90019
"Mike Asatrayan DDS, West Sunset Boulevard, Los Angeles, CA 90029-2631, United States of America",90029
"6380 Hollywood Boulevard, Los Angeles, CA 90028, United States of America",90028
"6350 Willoughby Avenue, Los Angeles, CA 90038, United States of America",90038
"398 West 13th Street, Los Angeles, CA 90731, United States of America",90731
"4900 San Vicente Boulevard, Los Angeles, CA 90019, United States of America",90019
"2101 Barrywood Avenue, Los Angeles, CA 90731, United States of America",90731
"Mike Asatrayan DDS, West Sunset Boulevard, Los Angeles, CA 90029-2631, United States of America",90029
"Crispy Crust, Fountain Avenue, Los Angeles, CA 90028-8127, United States of America",90028
"601 West 182nd Street, Los Angeles, CA 90248, United States of America",90248
"Hawaiian Avenue STEAM Magnet Elementary School, Hawaiian Avenue, Dana Strand Village, Los Angeles, CA 90744-4522, United States of America",90744
"701 North Hobart Boulevard, Los Angeles, CA 90029, United States of America",90029
"Hobart Boulevard, Los Angeles, CA 90029-3737, United States of America",90029
"Mama's rooftop, 6500 Selma Avenue, Los Angeles, CA 90028, United States of America",90028
"3481 Barham Boulevard, Los Angeles, CA 90068, United States of America",90068
"Days Inn Hollywood/Universal Studios, 7023 West Sunset Boulevard, Los Angeles, CA 90046-4101, United States of America",90046
"3481 Barham Boulevard, Los Angeles, CA 90068, United States of America",90068
"South Gaffey Street, Los Angeles, CA 90731-4720, United States of America",90731
"Sunset Las Palmas Studios, Seward Street, Los Angeles, CA 90038, United States of America",90038
"1855 Highland Avenue, Los Angeles, CA 90028, United States of America",90028
"601 West 182nd Street, Los Angeles, CA 90248, United States of America",90248
"Highland Avenue, Los Angeles, CA 90028, United States of America",90028
"1855 Highland Avenue, Los Angeles, CA 90028, United States of America",90028
"601 West 182nd Street, Los Angeles, CA 90248, United States of America",90248
"698 West 10th Street, Los Angeles, CA 90731, United States of America",90731
"Mike Asatrayan DDS, West Sunset Boulevard, Los Angeles, CA 90029-2631, United States of America",90029
"Mike Asatrayan DDS, West Sunset Boulevard, Los Angeles, CA 90029-2631, United States of America",90029
"701 North Hobart Boulevard, Los Angeles, CA 90029, United States of America",90029
"Mama's rooftop, 6500 Selma Avenue, Los Angeles, CA 90028, United States of America",90028
"6380 Hollywood Boulevard, Los Angeles, CA 90028, United States of America",90028
"Highland Avenue, Los Angeles, CA 90028, United States of America",90028
"La Mirada Avenue, Los Angeles, CA 90029-3737, United States of America",90029
"6380 Hollywood Boulevard, Los Angeles, CA 90028, United States of America",90028
"1499 East 15th Street, Los Angeles, CA 90015, United States of America",90015
"1200 Saint Andrew's Place, Los Angeles, CA 90038, United States of America",90038
"2101 Barrywood Avenue, Los Angeles, CA 90731, United States of America",90731
"1401 North Ronan Avenue, Los Angeles, CA 90744, United States of America",90744
"South Gaffey Street, Los Angeles, CA 90731-4720, United States of America",90731
"La Mirada Avenue, Los Angeles, CA 90029-3737, United States of America",90029
"699 West 1st Street, Los Angeles, CA 90731, United States of America",90731
"Highland Avenue, Los Angeles, CA 90028, United States of America",90028
"South Gaffey Street, Los Angeles, CA 90731-4720, United States of America",90731
"200 West 14th Street, Los Angeles, CA 90731, United States of America",90731
"Hawaiian Avenue STEAM Magnet Elementary School, Hawaiian Avenue, Dana Strand Village, Los Angeles, CA 90744-4522, United States of America",90744
"1301 Sanford Avenue, Los Angeles, CA 90744, United States of America",90744
"601 West 182nd Street, Los Angeles, CA 90248, United States of America",90248
"2101 Barrywood Avenue, Los Angeles, CA 90731, United States of America",90731
"1799 South Cochran Avenue, Los Angeles, CA 90019, United States of America",90019
"1032 South Beacon Street, Los Angeles, CA 90731, United States of America",90731
"2101 Barrywood Avenue, Los Angeles, CA 90731, United States of America",90731
"Western & 36th, South Western Avenue, Los Angeles, CA 90018, United States of America",90018
"200 West 14th Street, Los Angeles, CA 90731, United States of America",90731
"Hawaiian Avenue STEAM Magnet Elementary School, Hawaiian Avenue, Dana Strand Village, Los Angeles, CA 90744-4522, United States of America",90744
"Crispy Crust, Fountain Avenue, Los Angeles, CA 90028-8127, United States of America",90028
"South Gaffey Street, Los Angeles, CA 90731-4720, United States of America",90731
"Venice & 12th, Venice Boulevard, Los Angeles, CA 90019, United States of America",90019
"6922 Hollywood Boulevard, Los Angeles, CA 90028, United States of America",90028
"Hawaiian Avenue STEAM Magnet Elementary School, Hawaiian Avenue, Dana Strand Village, Los Angeles, CA 90744-4522, United States of America",90744
"CNN, 6430 West Sunset Boulevard, Los Angeles, CA 90028, United States of America",90028
"Western & 36th, South Western Avenue, Los Angeles, CA 90018, United States of America",90018
"Hobart Boulevard, Los Angeles, CA 90029-3737, United States of America",90029
"Crispy Crust, Fountain Avenue, Los Angeles, CA 90028-8127, United States of America",90028
"1032 South Beacon Street, Los Angeles, CA 90731, United States of America",90731
"6922 Hollywood Boulevard, Los Angeles, CA 90028, United States of America",90028
"1200 Saint Andrew's Place, Los Angeles, CA 90038, United States of America",90038
"601 West 182nd Street, Los Angeles, CA 90248, United States of America",90248
"Hawaiian Avenue STEAM Magnet Elementary School, Hawaiian Avenue, Dana Strand Village, Los Angeles, CA 90744-4522, United States of America",90744
"South Vermont Avenue, Harbor Pines, Los Angeles, CA 90710-2805, United States of America",90710
"Highland Avenue, Los Angeles, CA 90028, United States of America",90028
"1301 North McCadden Place, Los Angeles, CA 90028, United States of America",90028
"6300 Weidlake Drive, Los Angeles, CA 90068, United States of America",90068
"Highland Avenue, Los Angeles, CA 90028, United States of America",90028
"2101 Barrywood Avenue, Los Angeles, CA 90731, United States of America",90731
"Hobart Boulevard, Los Angeles, CA 90029-3737, United States of America",90029
"La Brea Avenue, Los Angeles, CA 90019-2909, United States of America",90019
"West Olympic Boulevard, Los Angeles, CA 90064, United States of America",90064
"1003 East Anaheim Street, Los Angeles, CA 90744, United States of America",90744
"Mike Asatrayan DDS, West Sunset Boulevard, Los Angeles, CA 90029-2631, United States of America",90029
"698 West 10th Street, Los Angeles, CA 90731, United States of America",90731
"1855 Highland Avenue, Los Angeles, CA 90028, United States of America",90028
"5400 Apple Street, Los Angeles, CA 90016, United States of America",90016
"Cahuenga Boulevard West, Los Angeles, CA 90068, United States of America",90068
"1032 South Beacon Street, Los Angeles, CA 90731, United States of America",90731
"Highland Avenue, Los Angeles, CA 90028, United States of America",90028
"200 West 14th Street, Los Angeles, CA 90731, United States of America",90731
"1032 South Beacon Street, Los Angeles, CA 90731, United States of America",90731
"Highland Avenue, Los Angeles, CA 90028, United States of America",90028
"6577 Yucca Street, Los Angeles, CA 90028, United States of America",90028
"6577 Yucca Street, Los Angeles, CA 90028, United States of America",90028
"601 West 182nd Street, Los Angeles, CA 90248, United States of America",90248
"Venice & 12th, Venice Boulevard, Los Angeles, CA 90019, United States of America",90019
"1855 Highland Avenue, Los Angeles, CA 90028, United States of America",90028
"CNN, 6430 West Sunset Boulevard, Los Angeles, CA 90028, United States of America",90028
"6380 Hollywood Boulevard, Los Angeles, CA 90028, United States of America",90028
"Highland Avenue, Los Angeles, CA 90028, United States of America",90028
"6300 Weidlake Drive, Los Angeles, CA 90068, United States of America",90068
"601 West 182nd Street, Los Angeles, CA 90248, United States of America",90248
"698 West 10th Street, Los Angeles, CA 90731, United States of America",90731
"Cahuenga Boulevard West, Los Angeles, CA 90068, United States of America",90068
"Hawaiian Avenue STEAM Magnet Elementary School, Hawaiian Avenue, Dana Strand Village, Los Angeles, CA 90744-4522, United States of America",90744
"601 West 182nd Street, Los Angeles, CA 90248, United States of America",90248
"South Gaffey Street, Los Angeles, CA 90731-4720, United States of America",90731
"6577 Yucca Street, Los Angeles, CA 90028, United States of America",90028
"6380 Hollywood Boulevard, Los Angeles, CA 90028, United States of America",90028
"398 West 13th Street, Los Angeles, CA 90731, United States of America",90731
"200 West 14th Street, Los Angeles, CA 90731, United States of America",90731
"Television City, 7800 Beverly Boulevard, Los Angeles, CA 90036, United States of America",90036
"1799 South Cochran Avenue, Los Angeles, CA 90019, United States of America",90019
"200 West 14th Street, Los Angeles, CA 90731, United States of America",90731
"1799 South Cochran Avenue, Los Angeles, CA 90019, United States of America",90019
"1855 Highland Avenue, Los Angeles, CA 90028, United States of America",90028
"601 West 182nd Street, Los Angeles, CA 90248, United States of America",90248
"1862 Highland Avenue, Los Angeles, CA 90028, United States of America",90028
"West Olympic Boulevard, Los Angeles, CA 90064, United States of America",90064
"Hawaiian Avenue STEAM Magnet Elementary School, Hawaiian Avenue, Dana Strand Village, Los Angeles, CA 90744-4522, United States of America",90744
"1701 Bronson Avenue, Los Angeles, CA 90028, United States of America",90028
"699 West 1st Street, Los Angeles, CA 90731, United States of America",90731
"649 South Crescent Heights Boulevard, Los Angeles, CA 90048, United States of America",90048
"398 West 13th Street, Los Angeles, CA 90731, United States of America",90731
"Highland Avenue, Los Angeles, CA 90028, United States of America",90028
"1855 Highland Avenue, Los Angeles, CA 90028, United States of America",90028
"601 West 182nd Street, Los Angeles, CA 90248, United States of America",90248
"6300 Weidlake Drive, Los Angeles, CA 90068, United States of America",90068
"West Olympic Boulevard, Los Angeles, CA 90064, United States of America",90064
"601 West 182nd Street, Los Angeles, CA 90248, United States of America",90248
"Days Inn Hollywood/Universal Studios, 7023 West Sunset Boulevard, Los Angeles, CA 90046-4101, United States of America",90046
"Mama's rooftop, 6500 Selma Avenue, Los Angeles, CA 90028, United States of America",90028
"Highland Avenue, Los Angeles, CA 90028, United States of America",90028
"1200 Saint Andrew's Place, Los Angeles, CA 90038, United States of America",90038
"699 West 1st Street, Los Angeles, CA 90731, United States of America",90731
"6380 Hollywood Boulevard, Los Angeles, CA 90028, United States of America",90028
"1003 East Anaheim Street, Los Angeles, CA 90744, United States of America",90744
"Panda Express, Yucca Street, Los Angeles, CA 90028, United States of America",90028
"1855 Highland Avenue, Los Angeles, CA 90028, United States of America",90028
"Highland Avenue, Los Angeles, CA 90028, United States of America",90028
"1501 South Leland Street, Los Angeles, CA 90731, United States of America",90731
"Western Avenue, Los Angeles, CA 90029-3737, United States of America",90029
"6300 Weidlake Drive, Los Angeles, CA 90068, United States of America",90068
"La Mirada Avenue, Los Angeles, CA 90029-3737, United States of America",90029
"2101 Barrywood Avenue, Los Angeles, CA 90731, United States of America",90731
"Chevron, Beverly Boulevard, Los Angeles, CA 90036-2829, United States of America",90036
"6350 Willoughby Avenue, Los Angeles, CA 90038, United States of America",90038
"1200 Saint Andrew's Place, Los Angeles, CA 90038, United States of America",90038
"6922 Hollywood Boulevard, Los Angeles, CA 90028, United States of America",90028
"601 West 182nd Street, Los Angeles, CA 90248, United States of America",90248
"601 West 182nd Street, Los Angeles, CA 90248, United States of America",90248
"La Mirada Avenue, Los Angeles, CA 90029-3737, United States of America",90029
"1032 South Beacon Street, Los Angeles, CA 90731, United States of America",90731
"Mama's rooftop, 6500 Selma Avenue, Los Angeles, CA 90028, United States of America",90028
"6300 Weidlake Drive, Los Angeles, CA 90068, United States of America",90068
"3481 Barham Boulevard, Los Angeles, CA 90068, United States of America",90068
"699 West 1st Street, Los Angeles, CA 90731, United States of America",90731
"6380 Hollywood Boulevard, Los Angeles, CA 90028, United States of America",90028
"1301 Sanford Avenue, Los Angeles, CA 90744, United States of America",90744
"Crispy Crust, Fountain Avenue, Los Angeles, CA 90028-8127, United States of America",90028
"1700 North Sycamore Avenue, Los Angeles, CA 90028, United States of America",90028
"601 West 182nd Street, Los Angeles, CA 90248, United States of America",90248
"1301 Sanford Avenue, Los Angeles, CA 90744, United States of America",90744
"Days Inn Hollywood/Universal Studios, 7023 West Sunset Boulevard, Los Angeles, CA 90046-4101, United States of America",90046
"1301 North McCadden Place, Los Angeles, CA 90028, United States of America",90028
"6350 Willoughby Avenue, Los Angeles, CA 90038, United States of America",90038
"3481 Barham Boulevard, Los Angeles, CA 90068, United States of America",90068
"1301 Sanford Avenue, Los Angeles, CA 90744, United States of America",90744
"1499 East 15th Street, Los Angeles, CA 90015, United States of America",90015
"601 West 182nd Street, Los Angeles, CA 90248, United States of America",90248
"1855 Highland Avenue, Los Angeles, CA 90028, United States of America",90028
"Western Avenue, Los Angeles, CA 90029-3737, United States of America",90029
"South Vermont Avenue, Harbor Pines, Los Angeles, CA 90710-2805, United States of America",90710
"1301 Sanford Avenue, Los Angeles, CA 90744, United States of America",90744
"Highland Avenue, Los Angeles, CA 90028, United States of America",90028
"601 West 182nd Street, Los Angeles, CA 90248, United States of America",90248
"Vine & Willoughby, Vine Street, Los Angeles, CA 90038, United States of America",90038
"Highland Avenue, Los Angeles, CA 90028, United States of America",90028
"6922 Hollywood Boulevard, Los Angeles, CA 90028, United States of America",90028
"701 North Hobart Boulevard, Los Angeles, CA 90029, United States of America",90029
"Mike Asatrayan DDS, West Sunset Boulevard, Los Angeles, CA 90029-2631, United States of America",90029
"La Mirada Avenue, Los Angeles, CA 90029-3737, United States of America",90029
"1701 Bronson Avenue, Los Angeles, CA 90028, United States of America",90028
"Mama's rooftop, 6500 Selma Avenue, Los Angeles, CA 90028, United States of America",90028
"6350 Willoughby Avenue, Los Angeles, CA 90038, United States of America",90038
"Sunset Las Palmas Studios, Seward Street, Los Angeles, CA 90038, United States of America",90038
"CNN, 6430 West Sunset Boulevard, Los Angeles, CA 90028, United States of America",90028
"8561 Oak Street, Los Angeles, CA 90046, United States of America",90046
"Sunset Las Palmas Studios, Seward Street, Los Angeles, CA 90038, United States of America",90038
"2101 Barrywood Avenue, Los Angeles, CA 90731, United States of America",90731
"1032 South Beacon Street, Los Angeles, CA 90731, United States of America",90731
"Western Avenue, Los Angeles, CA 90029-3737, United States of America",90029
"1032 South Beacon Street, Los Angeles, CA 90731, United States of America",90731
"La Cienega Boulevard, Los Angeles, CA 90064, United States of America",90064
"398 West 13th Street, Los Angeles, CA 90731, United States of America",90731
"6350 Willoughby Avenue, Los Angeles, CA 90038, United States of America",90038
"1301 Sanford Avenue, Los Angeles, CA 90744, United States of America",90744
"1301 North McCadden Place, Los Angeles, CA 90028, United States of America",90028
"1401 North Ronan Avenue, Los Angeles, CA 90744, United States of America",90744
"Denny's, Van Ness Avenue, Los Angeles, CA 90028-5420, United States of America",90028
"1003 East Anaheim Street, Los Angeles, CA 90744, United States of America",90744
"2101 Barrywood Avenue, Los Angeles, CA 90731, United States of America",90731
"1301 Sanford Avenue, Los Angeles, CA 90744, United States of America",90744
"1855 Highland Avenue, Los Angeles, CA 90028, United States of America",90028
"8899 Alden Drive, Los Angeles, CA 90048, United States of America",90048
"Mike Asatrayan DDS, West Sunset Boulevard, Los Angeles, CA 90029-2631, United States of America",90029
"1301 Sanford Avenue, Los Angeles, CA 90744, United States of America",90744
"6577 Yucca Street, Los Angeles, CA 90028, United States of America",90028
"Oaks Gourmet Market, 1915 Bronson Avenue, Los Angeles, CA 90028, United States of America",90028
"6380 Hollywood Boulevard, Los Angeles, CA 90028, United States of America",90028
"701 North Hobart Boulevard, Los Angeles, CA 90029, United States of America",90029
"701 North Hobart Boulevard, Los Angeles, CA 90029, United States of America",90029
"Hobart Boulevard, Los Angeles, CA 90029-3737, United States of America",90029
"601 West 182nd Street, Los Angeles, CA 90248, United States of America",90248
"Hobart Boulevard, Los Angeles, CA 90029-3737, United States of America",90029
"1301 Sanford Avenue, Los Angeles, CA 90744, United States of America",90744
"Mike Asatrayan DDS, West Sunset Boulevard, Los Angeles, CA 90029-2631, United States of America",90029
"La Mirada Avenue, Los Angeles, CA 90029-3737, United States of America",90029
"Oaks Gourmet Market, 1915 Bronson Avenue, Los Angeles, CA 90028, United States of America",90028
"6350 Willoughby Avenue, Los Angeles, CA 90038, United States of America",90038
"La Mirada Avenue, Los Angeles, CA 90029-3737, United States of America",90029
"Oaks Gourmet Market, 1915 Bronson Avenue, Los Angeles, CA 90028, United States of America",90028
"699 West 1st Street, Los Angeles, CA 90731, United States of America",90731
"Cahuenga Boulevard West, Los Angeles, CA 90068, United States of America",90068
"1401 North Ronan Avenue, Los Angeles, CA 90744, United States of America",90744
"1855 Highland Avenue, Los Angeles, CA 90028, United States of America",90028
"1003 East Anaheim Street, Los Angeles, CA 90744, United States of America",90744
"Mike Asatrayan DDS, West Sunset Boulevard, Los Angeles, CA 90029-2631, United States of America",90029
"2101 Barrywood Avenue, Los Angeles, CA 90731, United States of America",90731
"301 North Martel Avenue, Los Angeles, CA 90036, United States of America",90036
"South Gaffey Street, Los Angeles, CA 90731-4720, United States of America",90731
"Highland Avenue, Los Angeles, CA 90028, United States of America",90028
"1701 Bronson Avenue, Los Angeles, CA 90028, United States of America",90028
"2101 Barrywood Avenue, Los Angeles, CA 90731, United States of America",90731
"1855 Highland Avenue, Los Angeles, CA 90028, United States of America",90028
"601 West 182nd Street, Los Angeles, CA 90248, United States of America",90248
"Highland Avenue, Los Angeles, CA 90028, United States of America",90028
"6350 Willoughby Avenue, Los Angeles, CA 90038, United States of America",90038
"701 North Hobart Boulevard, Los Angeles, CA 90029, United States of America",90029
"Highland Avenue, Los Angeles, CA 90028, United States of America",90028
"Highland Avenue, Los Angeles, CA 90028, United States of America",90028
"La Mirada Avenue, Los Angeles, CA 90029-3737, United States of America",90029
"Oaks Gourmet Market, 1915 Bronson Avenue, Los Angeles, CA 90028, United States of America",90028
"200 West 14th Street, Los Angeles, CA 90731, United States of America",90731
"1862 Highland Avenue, Los Angeles, CA 90028, United States of America",90028
"6577 Yucca Street, Los Angeles, CA 90028, United States of America",90028
"Highland Avenue, Los Angeles, CA 90028, United States of America",90028
"Days Inn Hollywood/Universal Studios, 7023 West Sunset Boulevard, Los Angeles, CA 90046-4101, United States of America",90046
"La Mirada Avenue, Los Angeles, CA 90029-3737, United States of America",90029
"6300 Weidlake Drive, Los Angeles, CA 90068, United States of America",90068
"Sunset Las Palmas Studios, Seward Street, Los Angeles, CA 90038, United States of America",90038
"1701 Bronson Avenue, Los Angeles, CA 90028, United States of America",90028
"3481 Barham Boulevard, Los Angeles, CA 90068, United States of America",90068
"1401 North Ronan Avenue, Los Angeles, CA 90744, United States of America",90744
"6922 Hollywood Boulevard, Los Angeles, CA 90028, United States of America",90028
"200 West 14th Street, Los Angeles, CA 90731, United States of America",90731
"6099 West Olympic Boulevard, Los Angeles, CA 90036, United States of America",90036
"Fountain Avenue, Los Angeles, CA 90028-8127, United States of America",90028
"Panda Express, Yucca Street, Los Angeles, CA 90028, United States of America",90028
"698 West 10th Street, Los Angeles, CA 90731, United States of America",90731
"South Gaffey Street, Los Angeles, CA 90731-4720, United States of America",90731
"South Vermont Avenue, Harbor Pines, Los Angeles, CA 90710-2805, United States of America",90710
"1032 South Beacon Street, Los Angeles, CA 90731, United States of America",90731
"1855 Highland Avenue, Los Angeles, CA 90028, United States of America",90028
"South Vermont Avenue, Harbor Pines, Los Angeles, CA 90710-2805, United States of America",90710
"200 West 14th Street, Los Angeles, CA 90731, United States of America",90731
"Fountain Avenue, Los Angeles, CA 90028-8127, United States of America",90028
"200 West 14th Street, Los Angeles, CA 90731, United States of America",90731
"1032 South Beacon Street, Los Angeles, CA 90731, United States of America",90731
"Cahuenga Boulevard West, Los Angeles, CA 90068, United States of America",90068
"1301 North McCadden Place, Los Angeles, CA 90028, United States of America",90028
"6922 Hollywood Boulevard, Los Angeles, CA 90028, United States of America",90028
"398 West 13th Street, Los Angeles, CA 90731, United States of America",90731
"6300 Weidlake Drive, Los Angeles, CA 90068, United States of America",90068
"1862 Highland Avenue, Los Angeles, CA 90028, United States of America",90028
"699 West 1st Street, Los Angeles, CA 90731, United States of America",90731
"601 West 182nd Street, Los Angeles, CA 90248, United States of America",90248
"Hawaiian Avenue STEAM Magnet Elementary School, Hawaiian Avenue, Dana Strand Village, Los Angeles, CA 90744-4522, United States of America",90744
"1032 South Beacon Street, Los Angeles, CA 90731, United States of America",90731
"Days Inn Hollywood/Universal Studios, 7023 West Sunset Boulevard, Los Angeles, CA 90046-4101, United States of America",90046
"South Vermont Avenue, Harbor Pines, Los Angeles, CA 90710-2805, United States of America",90710
"1301 Sanford Avenue, Los Angeles, CA 90744, United States of America",90744
"1200 Saint Andrew's Place, Los Angeles, CA 90038, United States of America",90038
"Hawaiian Avenue STEAM Magnet Elementary School, Hawaiian Avenue, Dana Strand Village, Los Angeles, CA 90744-4522, United States of America",90744
"2101 Barrywood Avenue, Los Angeles, CA 90731, United States of America",90731
"398 West 13th Street, Los Angeles, CA 90731, United States of America",90731
"Mike Asatrayan DDS, West Sunset Boulevard, Los Angeles, CA 90029-2631, United States of America",90029
"Western Avenue, Los Angeles, CA 90029-3737, United States of America",90029
"1301 North McCadden Place, Los Angeles, CA 90028, United States of America",90028
"Cahuenga Boulevard West, Los Angeles, CA 90068, United States of America",90068
"1200 Saint Andrew's Place, Los Angeles, CA 90038, United States of America",90038
"1301 North McCadden Place, Los Angeles, CA 90028, United States of America",90028
"Western Avenue, Los Angeles, CA 90029-3737, United States of America",90029
"Highland Avenue, Los Angeles, CA 90028, United States of America",90028
"Highland Avenue, Los Angeles, CA 90028, United States of America",90028
"Highland Avenue, Los Angeles, CA 90028, United States of America",90028
"Hawaiian Avenue STEAM Magnet Elementary School, Hawaiian Avenue, Dana Strand Village, Los Angeles, CA 90744-4522, United States of America",90744
"1003 East Anaheim Street, Los Angeles, CA 90744, United States of America",90744
"6380 Hollywood Boulevard, Los Angeles, CA 90028, United States of America",90028
"South Vermont Avenue, Harbor Pines, Los Angeles, CA 90710-2805, United States of America",90710
"6380 Hollywood Boulevard, Los Angeles, CA 90028, United States of America",90028
"2022 Grace Avenue, Los Angeles, CA 90068, United States of America",90068
"1032 South Beacon Street, Los Angeles, CA 90731, United States of America",90731
"1855 Highland Avenue, Los Angeles, CA 90028, United States of America",90028
"South Vermont Avenue, Harbor Pines, Los Angeles, CA 90710-2805, United States of America",90710
"La Cienega Boulevard, Los Angeles, CA 90064, United States of America",90064
"6380 Hollywood Boulevard, Los Angeles, CA 90028, United States of America",90028
"698 West 10th Street, Los Angeles, CA 90731, United States of America",90731
"Cahuenga Boulevard West, Los Angeles, CA 90068, United States of America",90068
"Denny's, Van Ness Avenue, Los Angeles, CA 90028-5420, United States of America",90028
"1799 South Cochran Avenue, Los Angeles, CA 90019, United States of America",90019
"South Gaffey Street, Los Angeles, CA 90731-4720, United States of America",90731
"Panda Express, Yucca Street, Los Angeles, CA 90028, United States of America",90028
"301 North Martel Avenue, Los Angeles, CA 90036, United States of America",90036
"Fountain Avenue, Los Angeles, CA 90028-8127, United States of America",90028
"601 West 182nd Street, Los Angeles, CA 90248, United States of America",90248
"1401 North Ronan Avenue, Los Angeles, CA 90744, United States of America",90744
"Crispy Crust, Fountain Avenue, Los Angeles, CA 90028-8127, United States of America",90028
"Western & 36th, South Western Avenue, Los Angeles, CA 90018, United States of America",90018
"701 North Hobart Boulevard, Los Angeles, CA 90029, United States of America",90029
"1862 Highland Avenue, Los Angeles, CA 90028, United States of America",90028
"1862 Highland Avenue, Los Angeles, CA 90028, United States of America",90028
"6380 Hollywood Boulevard, Los Angeles, CA 90028, United States of America",90028
"1700 North Sycamore Avenue, Los Angeles, CA 90028, United States of America",90028
"1400 North McCadden Place, Los Angeles, CA 90028, United States of America",90028
"Hawaiian Avenue STEAM Magnet Elementary School, Hawaiian Avenue, Dana Strand Village, Los Angeles, CA 90744-4522, United States of America",90744
"1401 North Ronan Avenue, Los Angeles, CA 90744, United States of America",90744
"Western Avenue, Los Angeles, CA 90029-3737, United States of America",90029
"Panda Express, Yucca Street, Los Angeles, CA 90028, United States of America",90028
"1301 Sanford Avenue, Los Angeles, CA 90744, United States of America",90744
"1855 Highland Avenue, Los Angeles, CA 90028, United States of America",90028
"1400 North McCadden Place, Los Angeles, CA 90028, United States of America",90028
"Fountain Avenue, Los Angeles, CA 90028-8127, United States of America",90028
"601 West 182nd Street, Los Angeles, CA 90248, United States of America",90248
"Hobart Boulevard, Los Angeles, CA 90029-3737, United States of America",90029
"Crispy Crust, Fountain Avenue, Los Angeles, CA 90028-8127, United States of America",90028
"1799 South Cochran Avenue, Los Angeles, CA 90019, United States of America",90019
"Hobart Boulevard, Los Angeles, CA 90029-3737, United States of America",90029
"Hobart Boulevard, Los Angeles, CA 90029-3737, United States of America",90029
"1862 Highland Avenue, Los Angeles, CA 90028, United States of America",90028
"West Olympic Boulevard, Los Angeles, CA 90064, United States of America",90064
"Hobart Boulevard, Los Angeles, CA 90029-3737, United States of America",90029
"6577 Yucca Street, Los Angeles, CA 90028, United States of America",90028
"South Gaffey Street, Los Angeles, CA 90731-4720, United States of America",90731
"GameStop, West Sunset Boulevard, Los Angeles, CA 90028-5420, United States of America",90028
"GameStop, West Sunset Boulevard, Los Angeles, CA 90028-5420, United States of America",90028
"1855 Highland Avenue, Los Angeles, CA 90028, United States of America",90028
"2101 Barrywood Avenue, Los Angeles, CA 90731, United States of America",90731
"1032 South Beacon Street, Los Angeles, CA 90731, United States of America",90731
"South Gaffey Street, Los Angeles, CA 90731-4720, United States of America",90731
"1701 Bronson Avenue, Los Angeles, CA 90028, United States of America",90028
"Highland Avenue, Los Angeles, CA 90028, United States of America",90028
"6577 Yucca Street, Los Angeles, CA 90028, United States of America",90028
"Oaks Gourmet Market, 1915 Bronson Avenue, Los Angeles, CA 90028, United States of America",90028
"6300 Weidlake Drive, Los Angeles, CA 90068, United States of America",90068
"1301 Sanford Avenue, Los Angeles, CA 90744, United States of America",90744
"200 West 14th Street, Los Angeles, CA 90731, United States of America",90731
"Highland Avenue, Los Angeles, CA 90028, United States of America",90028
"Oaks Gourmet Market, 1915 Bronson Avenue, Los Angeles, CA 90028, United States of America",90028
"Mike Asatrayan DDS, West Sunset Boulevard, Los Angeles, CA 90029-2631, United States of America",90029
"Crispy Crust, Fountain Avenue, Los Angeles, CA 90028-8127, United States of America",90028
"Panda Express, Yucca Street, Los Angeles, CA 90028, United States of America",90028
"1401 North Ronan Avenue, Los Angeles, CA 90744, United States of America",90744
"1799 South Cochran Avenue, Los Angeles, CA 90019, United States of America",90019
"1032 South Beacon Street, Los Angeles, CA 90731, United States of America",90731
"398 West 13th Street, Los Angeles, CA 90731, United States of America",90731
"1301 Sanford Avenue, Los Angeles, CA 90744, United States of America",90744
"601 West 182nd Street, Los Angeles, CA 90248, United States of America",90248
"601 West 182nd Street, Los Angeles, CA 90248, United States of America",90248
"Panda Express, Yucca Street, Los Angeles, CA 90028, United States of America",90028
"Denny's, Van Ness Avenue, Los Angeles, CA 90028-5420, United States of America",90028
"1200 Saint Andrew's Place, Los Angeles, CA 90038, United States of America",90038
"2101 Barrywood Avenue, Los Angeles, CA 90731, United States of America",90731
"6099 West Olympic Boulevard, Los Angeles, CA 90036, United States of America",90036
"Chevron, Beverly Boulevard, Los Angeles, CA 90036-2829, United States of America",90036
"6380 Hollywood Boulevard, Los Angeles, CA 90028, United States of America",90028
"6300 Weidlake Drive, Los Angeles, CA 90068, United States of America",90068
"Highland Avenue, Los Angeles, CA 90028, United States of America",90028
"1200 Saint Andrew's Place, Los Angeles, CA 90038, United States of America",90038
"1200 Saint Andrew's Place, Los Angeles, CA 90038, United States of America",90038
"Highland Avenue, Los Angeles, CA 90028, United States of America",90028
"Highland Avenue, Los Angeles, CA 90028, United States of America",90028
"Venice & 12th, Venice Boulevard, Los Angeles, CA 90019, United States of America",90019
"Oaks Gourmet Market, 1915 Bronson Avenue, Los Angeles, CA 90028, United States of America",90028
"Crispy Crust, Fountain Avenue, Los Angeles, CA 90028-8127, United States of America",90028
"5400 Apple Street, Los Angeles, CA 90016, United States of America",90016
"Sunset Las Palmas Studios, Seward Street, Los Angeles, CA 90038, United States of America",90038
"1032 South Beacon Street, Los Angeles, CA 90731, United States of America",90731
"South Gaffey Street, Los Angeles, CA 90731-4720, United States of America",90731
"601 West 182nd Street, Los Angeles, CA 90248, United States of America",90248
"6577 Yucca Street, Los Angeles, CA 90028, United States of America",90028
"1700 North Sycamore Avenue, Los Angeles, CA 90028, United States of America",90028
"1301 Sanford Avenue, Los Angeles, CA 90744, United States of America",90744
"601 West 182nd Street, Los Angeles, CA 90248, United States of America",90248
"699 West 1st Street, Los Angeles, CA 90731, United States of America",90731
"200 West 14th Street, Los Angeles, CA 90731, United States of America",90731
"6922 Hollywood Boulevard, Los Angeles, CA 90028, United States of America",90028
"6922 Hollywood Boulevard, Los Angeles, CA 90028, United States of America",90028
"6300 Weidlake Drive, Los Angeles, CA 90068, United States of America",90068
"699 West 1st Street, Los Angeles, CA 90731, United States of America",90731
"Television City, 7800 Beverly Boulevard, Los Angeles, CA 90036, United States of America",90036
"2101 Barrywood Avenue, Los Angeles, CA 90731, United States of America",90731
"Mama's rooftop, 6500 Selma Avenue, Los Angeles, CA 90028, United States of America",90028
"Crispy Crust, Fountain Avenue, Los Angeles, CA 90028-8127, United States of America",90028
"698 West 10th Street, Los Angeles, CA 90731, United States of America",90731
"601 West 182nd Street, Los Angeles, CA 90248, United States of America",90248
"South Gaffey Street, Los Angeles, CA 90731-4720, United States of America",90731
"1400 North McCadden Place, Los Angeles, CA 90028, United States of America",90028
"1200 Saint Andrew's Place, Los Angeles, CA 90038, United States of America",90038
"6380 Hollywood Boulevard, Los Angeles, CA 90028, United States of America",90028
"Cahuenga Boulevard West, Los Angeles, CA 90068, United States of America",90068
"8561 Oak Street, Los Angeles, CA 90046, United States of America",90046
"1003 East Anaheim Street, Los Angeles, CA 90744, United States of America",90744
"601 West 182nd Street, Los Angeles, CA 90248, United States of America",90248
"2101 Barrywood Avenue, Los Angeles, CA 90731, United States of America",90731
"601 West 182nd Street, Los Angeles, CA 90248, United States of America",90248
"1855 Highland Avenue, Los Angeles, CA 90028, United States of America",90028
"La Mirada Avenue, Los Angeles, CA 90029-3737, United States of America",90029
"6380 Hollywood Boulevard, Los Angeles, CA 90028, United States of America",90028
"6380 Hollywood Boulevard, Los Angeles, CA 90028, United States of America",90028
"La Mirada Avenue, Los Angeles, CA 90029-3737, United States of America",90029
"Highland Avenue, Los Angeles, CA 90028, United States of America",90028
"Days Inn Hollywood/Universal Studios, 7023 West Sunset Boulevard, Los Angeles, CA 90046-4101, United States of America",90046
"Denny's, Van Ness Avenue, Los Angeles, CA 90028-5420, United States of America",90028
"6922 Hollywood Boulevard, Los Angeles, CA 90028, United States of America",90028
"Crispy Crust, Fountain Avenue, Los Angeles, CA 90028-8127, United States of America",90028
"Vine & Willoughby, Vine Street, Los Angeles, CA 90038, United States of America",90038
"1401 North Ronan Avenue, Los Angeles, CA 90744, United States of America",90744
"Highland Avenue, Los Angeles, CA 90028, United States of America",90028
"Beverly Boulevard, Los Angeles, CA 90036, United States of America",90036
"South Gaffey Street, Los Angeles, CA 90731-4720, United States of America",90731
"2101 Barrywood Avenue, Los Angeles, CA 90731, United States of America",90731
"Cahuenga Boulevard West, Los Angeles, CA 90068, United States of America",90068
"Crispy Crust, Fountain Avenue, Los Angeles, CA 90028-8127, United States of America",90028
"Mike Asatrayan DDS, West Sunset Boulevard, Los Angeles, CA 90029-2631, United States of America",90029
"601 West 182nd Street, Los Angeles, CA 90248, United States of America",90248
"1032 South Beacon Street, Los Angeles, CA 90731, United States of America",90731
"Western Avenue, Los Angeles, CA 90029-3737, United States of America",90029
"Days Inn Hollywood/Universal Studios, 7023 West Sunset Boulevard, Los Angeles, CA 90046-4101, United States of America",90046
"La Mirada Avenue, Los Angeles, CA 90029-3737, United States of America",90029
"West Olympic Boulevard, Los Angeles, CA 90064, United States of America",90064
"2101 Barrywood Avenue, Los Angeles, CA 90731, United States of America",90731
"200 West 14th Street, Los Angeles, CA 90731, United States of America",90731
"Panda Express, Yucca Street, Los Angeles, CA 90028, United States of America",90028
"Highland Avenue, Los Angeles, CA 90028, United States of America",90028
"La Mirada Avenue, Los Angeles, CA 90029-3737, United States of America",90029
"West Channel Street, Los Angeles, CA 90731-1422, United States of America",90731
"West Olympic Boulevard, Los Angeles, CA 90064, United States of America",90064
"Western & 36th, South Western Avenue, Los Angeles, CA 90018, United States of America",90018
"200 West 14th Street, Los Angeles, CA 90731, United States of America",90731
"Western & 36th, South Western Avenue, Los Angeles, CA 90018, United States of America",90018
"1301 Sanford Avenue, Los Angeles, CA 90744, United States of America",90744
"1200 Saint Andrew's Place, Los Angeles, CA 90038, United States of America",90038
